Title,URL,Source,Type,DateTime,Article,Location,Keywords1,Keywords2
Радев за обезобразеното момиче: Институциите най-сетне реагираха адекватно,https://nova.bg/news/view/2023/07/31/420889/%D1%80%D0%B0%D0%B4%D0%B5%D0%B2-%D0%B7%D0%B0-%D0%BE%D0%B1%D0%B5%D0%B7%D0%BE%D0%B1%D1%80%D0%B0%D0%B7%D0%B5%D0%BD%D0%BE%D1%82%D0%BE-%D0%BC%D0%BE%D0%BC%D0%B8%D1%87%D0%B5-%D0%B8%D0%BD%D1%81%D1%82%D0%B8%D1%82%D1%83%D1%86%D0%B8%D0%B8%D1%82%D0%B5-%D0%BD%D0%B0%D0%B9-%D1%81%D0%B5%D1%82%D0%BD%D0%B5-%D1%80%D0%B5%D0%B0%D0%B3%D0%B8%D1%80%D0%B0%D1%85%D0%B0-%D0%B0%D0%B4%D0%B5%D0%BA%D0%B2%D0%B0%D1%82%D0%BD%D0%BE/,nova.bg,TV news,2023-07-31 12:14:00,"„Правораздавателните органи най-сетне реагираха адекватно на недопустимото варварско деяние. Обществото трябва да продължи да оказва своя натиск”. Това заяви президентът Румен Радев по повод случая, в който 26-годишен мъж обезобрази с макетно ножче 18-годишно момиче в Стара Загора. По думите на държавния глава „не е проява на добър вкус да се оправдават нелепите промени в Конституцията с точно това зловредно деяние, което се случи в Стара Загора. Необходими са промени в различни закони, които да правят точно това – да поставят ясни критерии за нарушенията на закона, за престъпленията и за тежестта на наказанията”. Според Радев проектът за промени в Конституцията е част от настъплението срещу демокрацията. Попитан за коментар на думи на лидера на ГЕРБ Бойко Борисов за действията на служебните кабинети, президентът отговори, че не иска да пада на нивото на изказ на Борисов. Според него Кирил Петков, Асен Василев и Христо Иванов са „подарили легитимацията на Борисов, както и възможността отново да говори. Повече гледайте във видеото. ВСИЧКО ЗА БРУТАЛНАТА АГРЕСИЯ ЧЕТЕТЕ ТУК",Стара Загора,момиче,обезобраз
"Съдът за обезобразеното момиче: За да е налице средна телесна повреда, трябва да има опасност за живота",https://nova.bg/news/view/2023/07/31/420870/%D1%81%D1%8A%D0%B4%D1%8A%D1%82-%D0%B7%D0%B0-%D0%BE%D0%B1%D0%B5%D0%B7%D0%BE%D0%B1%D1%80%D0%B0%D0%B7%D0%B5%D0%BD%D0%BE%D1%82%D0%BE-%D0%BC%D0%BE%D0%BC%D0%B8%D1%87%D0%B5-%D0%B7%D0%B0-%D0%B4%D0%B0-%D0%B5-%D0%BD%D0%B0%D0%BB%D0%B8%D1%86%D0%B5-%D1%81%D1%80%D0%B5%D0%B4%D0%BD%D0%B0-%D1%82%D0%B5%D0%BB%D0%B5%D1%81%D0%BD%D0%B0-%D0%BF%D0%BE%D0%B2%D1%80%D0%B5%D0%B4%D0%B0-%D1%82%D1%80%D1%8F%D0%B1%D0%B2%D0%B0-%D0%B4%D0%B0-%D0%B8%D0%BC%D0%B0-%D0%BE%D0%BF%D0%B0%D1%81%D0%BD%D0%BE%D1%81%D1%82-%D0%B7%D0%B0-%D0%B6%D0%B8%D0%B2%D0%BE%D1%82%D0%B0/,nova.bg,TV news,2023-07-31 09:12:00,"Първи коментар на Окръжния съд в Стара Загора след случая с обезобразеното 18-годишно момиче. Припомняме, че преди повече от месец тя бе нарязана с макетно ножче, а обвинен за престъплението е приятелят ѝ. Момичето е с 400 шева и обръсната глава. Случаят предизвика вълна от недоволство, тъй като предполагаемият извършител е бил задържан за 72 часа веднага след посегателството, а след това е пуснат на свобода. РЕЦИДИВИСТ: Задържаният за нападението с макетно ножче – осъждан за други две подобни престъпления Според съда става въпрос за лека, а не за тежка телесна повреда, защото момичето не е било с опасност за живота. „Убеден съм, че съдебният състав, единодушно подписал съдебния акт, е преценил доказателствата по делото и е взел това решение. Съдебният акт е законосъобразен. Той е в унисон с искането на представители на Окръжната прокуратура”, заяви председателят на съда Красимир Георгиев. Бащата на момичето с 400 шева: Бях против отношенията ѝ със задържания „При искане на най-тежката мярка ние сме длъжни да обсъдим доказателствата и те да подплатяват наличната квалификация, в която обвиняемият е длъжен да отговаря по наказателния текст. Съдебно-медицинските експертизи са много важни, тъй като нямаме познания, за да установим нараняванията. Трябваше да установим дали заявеното в заключението покрива някои от признаците, които законът е въвел в чл. 129. В случая съдебно-медицинската експертиза установява наранявания, които по отделно и съвкупно сочат навременно разстройство на здравето, но не и опасност за живота. Колкото и да звучи стряскащо и възмущаващо за общността, законодателят го квалифицира като лека телесна повреда. За да има средна телесна повреда, трябва да има поне временно разстройство на здравето, което да е опасно за живота. Това не го установихме”, уточни съдия Таня Гьонева Коева, която е докладчик по делото. „Направо те убивам” и „Ще ти закача главата” написал задържаният на обезобразеното момиче преди нападението „Тези производства са бързи, тоест ние трябваше възоснова само на тези доказателства, да вземем нашето решение. Нямаме правомощия в рамките на въззивното производство да задълбочаваме предмета на експертизата. На въпрос ще подаде ли оставка след скандала, тя каза следното: „Няма да подам оставка, обичам работата си. Благодаря на всички, които ме подкрепиха в това изпитание. Колегите ми знаят как работя, без да се хваля”. ВСИЧКО ЗА БРУТАЛНАТА АГРЕСИЯ ЧЕТЕТЕ ТУК",Стара Загора,момиче,"уби, обезобраз"
След жестокото нападение над момиче в Стара Загора: Вълна от протести залива България,https://nova.bg/news/view/2023/07/31/420840/%D1%81%D0%BB%D0%B5%D0%B4-%D0%B6%D0%B5%D1%81%D1%82%D0%BE%D0%BA%D0%BE%D1%82%D0%BE-%D0%BD%D0%B0%D0%BF%D0%B0%D0%B4%D0%B5%D0%BD%D0%B8%D0%B5-%D0%BD%D0%B0%D0%B4-%D0%BC%D0%BE%D0%BC%D0%B8%D1%87%D0%B5-%D0%B2-%D1%81%D1%82%D0%B0%D1%80%D0%B0-%D0%B7%D0%B0%D0%B3%D0%BE%D1%80%D0%B0-%D0%B2%D1%8A%D0%BB%D0%BD%D0%B0-%D0%BE%D1%82-%D0%BF%D1%80%D0%BE%D1%82%D0%B5%D1%81%D1%82%D0%B8-%D0%B7%D0%B0%D0%BB%D0%B8%D0%B2%D0%B0-%D0%B1%D1%8A%D0%BB%D0%B3%D0%B0%D1%80%D0%B8%D1%8F/,nova.bg,TV news,2023-07-31 06:29:00,"Вълна от протести срещу насилието залива страната. Повод за демонстрациите е случаят с жестокото нападение над момиче в Стара Загора. В 18.00 ч. протестиращи ще се съберат пред съдебните палати на над 20 града. Арести и разпити заради момичето с 400 шева (ОБЗОР) Първият протест беше насрочен за Стара Загора, откъдето е жертвата на атаката с макетно ножче. След това към списъка лавинообразно започнаха да се включват още много градове. За София е насрочен национален протест. Случаят стана известен в петък, когато в ефира на NOVA близки на малтретираното 18-годишно момиче разказаха за изключително тежките рани, които са ѝ били нанесени. В края на юни тя била приета в болница, където са ѝ направили 400 шева. В неделя сутринта соченият за извършител – приятелят на пострадалата, беше задържан. Междувременно от прокуратурата заявиха, че ускоряват разследването по случая. Според Диана Димова от фондация ""Мисия криле"" случаите на насилие не намаляват. ""Към нас се обръщат жени, които търсят информация след като са били жертви на насилие, нямат доверие на правораздавателните органи, затова отказват да подават сигнали и искат да останат анонимни"", заяви тя. И допълни, че е много важно да се усили гласът на жертвите на насилие. Съдът за обезобразеното момиче: За да е налице средна телесна повреда, трябва да има опасност за живота ВСИЧКО ЗА БРУТАЛНАТА АГРЕСИЯ ЧЕТЕТЕ ТУК",Стара Загора,момиче,"обезобраз, насил, жертва"
"„Не е човек, а звяр”: Политическите реакции след нападението над момичето с 400 шева",https://nova.bg/news/view/2023/07/30/420794/%D0%BD%D0%B5-%D0%B5-%D1%87%D0%BE%D0%B2%D0%B5%D0%BA-%D0%B0-%D0%B7%D0%B2%D1%8F%D1%80-%D0%BF%D0%BE%D0%BB%D0%B8%D1%82%D0%B8%D1%87%D0%B5%D1%81%D0%BA%D0%B8%D1%82%D0%B5-%D1%80%D0%B5%D0%B0%D0%BA%D1%86%D0%B8%D0%B8-%D1%81%D0%BB%D0%B5%D0%B4-%D0%BD%D0%B0%D0%BF%D0%B0%D0%B4%D0%B5%D0%BD%D0%B8%D0%B5%D1%82%D0%BE-%D0%BD%D0%B0%D0%B4-%D0%BC%D0%BE%D0%BC%D0%B8%D1%87%D0%B5%D1%82%D0%BE-%D1%81-400-%D1%88%D0%B5%D0%B2%D0%B0/,nova.bg,TV news,2023-07-30 12:17:00,"Не закъсняха политическите реакции след жестокия случай на насилие спрямо 18-годишното момиче от Стара Загора, което е с 400 шева след нарязвания с макетен нож.  И управляващи, и опозиция определиха случилото се като „зверство”, и призоваха за цялата строгост на закона. От правителството припомниха, че вече има приети промени в Закона за домашното насилие и той само трябва да се спазва. Двама са вече арестуваните по случая с обезобразеното момиче в Стара Загора „Възмущение, гняв, недопустимост. Преди два месеца Законът за домашното насилие не беше приет. Той днес вече е факт. Законът, като такъв, е добре, че е приет. И с този случай виждаме, че е важно изпълнението. Тези действия не само да бъдат осъждани, но и извършителите да си понасят наказанията”, смята външният министър Мария Габриел. Сарафов: Обявяваме нулева толерантност към всички случаи на насилие и хулигански прояви Последните промени в Закона за защита от домашното насилие бяха приети в началото на месеца, но не с тези текстове, а с поправки в Конституцията може да бъдат спрени зверствата като това срещу 18-годишното момиче от Стара Загора, смята съпредседателят на ПП Кирил Петков. „Това, което мисля, че ще се случи, е, че все повече прокурори ще дават ясна отчетност за начина, по който те движат тези дела. И всъщност скрито в Конституцията и промените е точно това”, заяви Петков.     Председателят на ГЕРБ Бойко Борисов призова да се установи имало ли е пропуск в предприетите до тук действия срещу 26-годишния мъж. „Няма да вляза в спора кой е виновен – прокурорът, съдията, или коя от системите. Аз се надявам, че институциите ще се поправят, ако някъде едните не са дали, или другите не са видели достатъчно”, каза Бойко Борисов. В социалните мрежи лидерът на БСП Корнелия Нинова коментира, че е недопустимо 26-годишният обвиняем да се не бъде задържан под стража веднага след случая.   „От кое вещо лице и по кой текст от закона е решено, че зверството, извършено от Георги Николаев е лека телесна повреда? Нека се наложи най-голямата строгост на Наказателния кодекс, за да има справедливост”, написа Корнелия Нинова.   Темата коментира и съветникът на президента Крум Зарков. „Промени в Наказателния кодекс и НПК може да има, но първо трябва да има съзнание. Това момиче плаща с лицето си, с тялото си, вината на други, за бездействие, за отказани реформи”, каза Зарков.",Стара Загора,момиче,"обезобраз, насил"
"Йорданова за момичето, рязано с макетен нож: Прокуратурата е имала достатъчно време да обследва случая по-адекватно",https://nova.bg/news/view/2023/07/30/420773/%D0%B9%D0%BE%D1%80%D0%B4%D0%B0%D0%BD%D0%BE%D0%B2%D0%B0-%D0%B7%D0%B0-%D0%BC%D0%BE%D0%BC%D0%B8%D1%87%D0%B5%D1%82%D0%BE-%D1%80%D1%8F%D0%B7%D0%B0%D0%BD%D0%BE-%D1%81-%D0%BC%D0%B0%D0%BA%D0%B5%D1%82%D0%B5%D0%BD-%D0%BD%D0%BE%D0%B6-%D0%BF%D1%80%D0%BE%D0%BA%D1%83%D1%80%D0%B0%D1%82%D1%83%D1%80%D0%B0%D1%82%D0%B0-%D0%B5-%D0%B8%D0%BC%D0%B0%D0%BB%D0%B0-%D0%B4%D0%BE%D1%81%D1%82%D0%B0%D1%82%D1%8A%D1%87%D0%BD%D0%BE-%D0%B2%D1%80%D0%B5%D0%BC%D0%B5-%D0%B4%D0%B0-%D0%BE%D0%B1%D1%81%D0%BB%D0%B5%D0%B4%D0%B2%D0%B0-%D1%81%D0%BB%D1%83%D1%87%D0%B0%D1%8F-%D0%BF%D0%BE-%D0%B0%D0%B4%D0%B5%D0%BA%D0%B2%D0%B0%D1%82%D0%BD%D0%BE/,nova.bg,TV news,2023-07-30 08:43:00,"Този случай, тази изключителна жестокост повдига няколко въпроса – доколко като законодателство, институции и общество сме способни да предотвратяваме подобни ситуации и колко адекватно можем да реагираме. Това коментира бившият правосъден министър Надежда Йорданова за случая, при който 18-годишно момиче беше обезобразено с макетен нож. „Проблемен елемент в този случай е, че мъжът вече е извършвал други подобни престъпления – нанасяне на лека телесна повреда по хулигански мотиви”, допълни Йорданова. 400 ШЕВА: Мъж обезобрази приятелката си с макетно ножче и обръсна главата ѝ Защо предполагаемият нападател е на свобода, а получените травми са квалифицирани като „лека телесна повреда”, бившият правосъден министър коментира: „Става въпрос все още за преценка на ранен етап на това производство. Окончателно произнасяне на съда какво престъпление е извършено и какво наказание трябва да бъде наложено – няма”, уточни тя. „В настоящия случай съдът е до голяма степен обвързан с това какви материали е представила прокуратурата, как точно е направена експертизата, какви въпроси са зададени и какви отговори са дадени. Засиленият обществен интерес ще принуди прокуратурата да си свърши още по-добре работата”, смята Йорданова, която очаква обвинението да събере доказателства за всички обстоятелства около посегателството. ЗАРАДИ МОМИЧЕТО, ОБЕЗОБРАЗЕНО С МАКЕТЕН НОЖ: Остри реакции и призиви за протести Защо се създава впечатление, че прокуратурата действа по-бързо след обществения натиск, тя уточни: „Прокуратурата е имала достатъчно време да обследва по-адекватно и да събере повече доказателства за всички обстоятелства и аспекти на това деяние. А не само доколко причинените наранявания застрашават живота на жертвата”, допълни Йорданова. Прокуратурата ускорява разследването по случая с обезобразеното с макетно ножче момиче ВСИЧКО ЗА БРУТАЛНАТА АГРЕСИЯ ЧЕТЕТЕ ТУК",,момиче,"обезобраз, жертва"
"СЛУЧАЯТ С ОБЕЗОБРАЗЕНОТО С НОЖ МОМИЧЕ: Отстраниха работник, подкрепял обвиняемия",https://nova.bg/news/view/2023/07/29/420755/%D1%81%D0%BB%D1%83%D1%87%D0%B0%D1%8F%D1%82-%D1%81-%D0%BE%D0%B1%D0%B5%D0%B7%D0%BE%D0%B1%D1%80%D0%B0%D0%B7%D0%B5%D0%BD%D0%BE%D1%82%D0%BE-%D1%81-%D0%BD%D0%BE%D0%B6-%D0%BC%D0%BE%D0%BC%D0%B8%D1%87%D0%B5-%D0%BE%D1%82%D1%81%D1%82%D1%80%D0%B0%D0%BD%D0%B8%D1%85%D0%B0-%D1%80%D0%B0%D0%B1%D0%BE%D1%82%D0%BD%D0%B8%D0%BA-%D0%BF%D0%BE%D0%B4%D0%BA%D1%80%D0%B5%D0%BF%D1%8F%D0%BB-%D0%BE%D0%B1%D0%B2%D0%B8%D0%BD%D1%8F%D0%B5%D0%BC%D0%B8%D1%8F/,nova.bg,TV news,2023-07-29 21:00:00,"В „Мини Марица-изток” от работа е отстранен мъж, който застанал в защита на обвиняемия за нападението над момиче в Стара Загора. Това стана ясно от страницата на компанията във Facebook.  Преди около месец 18-годишното момиче е нападнато и обезобразено с макетно ножче. Нарязани са ръцете, краката и гърдите, носът ѝ е счупен, а за да бъде гаврата пълна - накрая цялата ѝ коса е подстригана с машинка. Младата жена е спасена, но са ѝ направени 400 шева. ВСИЧКО ЗА БРУТАЛНАТА АГРЕСИЯ ЧЕТЕТЕ ТУК",Стара Загора,момиче,обезобраз
Илиана Раева търси помощ от институциите заради „Смърт за Раев” и „за момичетата му”,https://nova.bg/news/view/2023/07/28/420612/%D0%B8%D0%BB%D0%B8%D0%B0%D0%BD%D0%B0-%D1%80%D0%B0%D0%B5%D0%B2%D0%B0-%D1%82%D1%8A%D1%80%D1%81%D0%B8-%D0%BF%D0%BE%D0%BC%D0%BE%D1%89-%D0%BE%D1%82-%D0%B8%D0%BD%D1%81%D1%82%D0%B8%D1%82%D1%83%D1%86%D0%B8%D0%B8%D1%82%D0%B5-%D0%B7%D0%B0%D1%80%D0%B0%D0%B4%D0%B8-%D1%81%D0%BC%D1%8A%D1%80%D1%82-%D0%B7%D0%B0-%D1%80%D0%B0%D0%B5%D0%B2-%D0%B8-%D0%B7%D0%B0-%D0%BC%D0%BE%D0%BC%D0%B8%D1%87%D0%B5%D1%82%D0%B0%D1%82%D0%B0-%D0%BC%D1%83/,nova.bg,TV news,2023-07-28 14:15:00,"Илиана Раева търси помощ от институциите след публични публикации с послание „Смърт за Раев” и „за момичетата му”. В писмо, адресирано до президента, премиера, председателя на парламента, прокуратурата, вътрешния министър и медиите, тя споделя, че е силно обезпокоена и омерзена. „Вчера, след победата на „Левски” в Скопие, буквално минути след успеха, е написано публично ужасното послание към съпруга ми Наско Сираков, наричан от известно време Раев от същия индивид, което гласи „СМЪРТ ЗА РАЕВ”. В коментар под написаното, съмишленик на същия добавя: „И ЗА МОМИЧЕТАТА МУ”, обяснява Раева във Facebook. Писмото продължава със следния текст: „Лицето Любомир Костадинов, наричан Младежът, системно обижда, унижава семейството ни. По незнайни причини има претенции към ПФК „Левски”. Състоянието, в което е изпаднал след вчерашната победа на „Левски”, явно е отключило неконтролируеми емоции и той публично е заплашил цялото ми семейство. Това вече е много сериозно. Няма да обяснявам кои сме ние с Наско, какво сме дали и какво продължаваме да правим и даваме на България и на ПФК „Левски”. Всички знаят. Предпочетохме да работим тук, в Родината си, върнахме от чужбина и децата си, за да работят тук, в България. Имали сме многократни възможности, като много българи, да напуснем. Не го направихме. Обичаме силно България и с огромна любов двамата работим успешно за имиджа и пред света. Аз все още вярвам в институциите на страната си. И няма да спра да вярвам. Във всяка цивилизована, правова, европейска държава, този човек вече щеше да е задържан, както и другият, заплашил мен и дъщерите ми със смърт. Непонятно ми е как някои медии дори показваха като новини на страниците си отвратителните постове на този… не знам как точно да го определя. Да се толерира подобно поведение е тема за сериозен размисъл. Духът ми се бунтува и искам да попитам: Кой дава увереност на този човек безнаказано и уверено да малтретира семейството ми? Кой му е вменили недосегаемост, за да заплашва СЪС СМЪРТ семейството ми? Какво е вършил този човек (трудно произнасям тази дума за него), за което не е бил наказван според Закона, за да си позволи да заплашва семейството ми със смърт? Кой стои зад този човек и го пази от Закона, и му дава вяра да дерибейства безнаказано? Уважаеми дами господа! Моля за вашата помощ и адекватни реакции за случилото се. Този човек няма място не само на стадиона, той няма място по улиците. Той е заплаха за живота на семейството ми, а може би и на други, за които не знаем. Ако институциите не ни помогнат, ви уверявам, че като гражданка на Обединена Европа ще поискам публична помощ от Европейския парламент и институции. Аз вярвам, че българските институции ще направят необходимото. Моля, не убивайте надеждите ми, защото със сигурност много хора ще припознаят своето мислене и чувства чрез това мое обръщение. Бих искала да благодаря за абсолютната подкрепа на левскарската общност към своята най-голяма жива легенда Наско Сираков. Тази ваша подкрепа му дава безгранични сили и вяра да продължи Мисията за спасяване на любимия си „Левски”. Бъдете сигурни, че той няма да се откаже и заедно с вас и с хората, които са до него в клуба, и тези които му помагат безрезервно всеки ден ще успее! Отворете снимката и прочетете и коментарите под нея. P.s. Станимир Стоилов, поздравления за избора ти…Бъди жив, здрав ти И МОМИЧЕТАТА ТИ!”, пише Раева. ",Левски,момиче,"уби, смърт"
В ПАМЕТ НА МАЙКА СИ: Кристо помага на хора с говорни дефекти,https://nova.bg/news/view/2023/07/23/419985/%D0%B2-%D0%BF%D0%B0%D0%BC%D0%B5%D1%82-%D0%BD%D0%B0-%D0%BC%D0%B0%D0%B9%D0%BA%D0%B0-%D1%81%D0%B8-%D0%BA%D1%80%D0%B8%D1%81%D1%82%D0%BE-%D0%BF%D0%BE%D0%BC%D0%B0%D0%B3%D0%B0-%D0%BD%D0%B0-%D1%85%D0%BE%D1%80%D0%B0-%D1%81-%D0%B3%D0%BE%D0%B2%D0%BE%D1%80%D0%BD%D0%B8-%D0%B4%D0%B5%D1%84%D0%B5%D0%BA%D1%82%D0%B8/,nova.bg,TV news,2023-07-23 11:15:00,"За загубите, които времето не може да излекува, каузата, която остава непреходна и кога музиката лекува - рапърът Христо Балабанов - Кристо. Той губи майка си преди 2 месеца след дълга борба. ""Беше тежко, но използвам нейната светлина, за да съм много по-силен, осъзнат и отговорен. Така имам сили да продължа нейното дело. Остана светлината ѝ и разбираш, че физическите неща, материалните, не остават. Само светлината може да влияе на истински хора с истински чувства и да променя съдби. Тя поправяше заекване на хора в драматични периоди от живота им"", разкри той. БОРБА ЗА ЖИВОТ: Получила ли е майката на Кристо грешна диагноза в България? Той продължава помощта чрез логопедия, чрез обучени от майка му професионалисти. ""Имаме и фондове, които инвестираха в проекта, както и частни инвеститори, психолози и логопеди. В момента решаваме проблема със заекването. Говорният дефект е лечим при всякакви възрасти, в България този проблем имат около 100 000 човека. Обикновено не разбираме, че имат такъв проблем, защото не комуникират и изпадат в депресия. Ние не използваме медикаменти и устройства, а само техники на дишане и говорене"", обясни Кристо. И допълни, че има над 90% успеваемост в лечението. Кристо сподели, че му предстои да направи песен с Лора Караджова, както и да създаде звукозаписна компания, която да открива таланти и да ги изкарва на световната сцена. Новините на NOVA - в Instagram, Twitter, Telegram и Viber - последвайте ни. За още новини харесайте и страницата ни във Facebook.",,майка,уби
Как хеликоптер помогна на бременна жена в Пирин (ВИДЕО),https://nova.bg/news/view/2023/07/23/419978/%D0%BA%D0%B0%D0%BA-%D1%85%D0%B5%D0%BB%D0%B8%D0%BA%D0%BE%D0%BF%D1%82%D0%B5%D1%80-%D0%BF%D0%BE%D0%BC%D0%BE%D0%B3%D0%BD%D0%B0-%D0%BD%D0%B0-%D0%B1%D1%80%D0%B5%D0%BC%D0%B5%D0%BD%D0%BD%D0%B0-%D0%B6%D0%B5%D0%BD%D0%B0-%D0%B2-%D0%BF%D0%B8%D1%80%D0%B8%D0%BD-%D0%B2%D0%B8%D0%B4%D0%B5%D0%BE/,nova.bg,TV news,2023-07-23 08:03:00,"Спасителна операция в Пирин. Планински спасители и военен хеликоптер се притекоха в помощ на бременна жена. Сигналът е подаден в ранния следобед в събота. Екип от 16 планински спасители се отправя към мястото, където се е намирала жената – в района на връх Вихрен над ""Казаните"". Планински спасители и военен хеликоптер спасиха бременна жена в Пирин Въпреки трудния и тежък терен, акцията приключва бързо, тъй като планинските спасители получават помощ от въздуха. Благодарение на бързата реакция на екипаж на вертолет „Кугар” от авиобаза „Крумово“ и бързото решение за вдигане на машината, жената е транспортирана за кратко време от планината. Около 18 ч. тя е качена и свалена до Банско, откъдето с линейка е транспортирана до болницата в Разлог. „Състоянието ѝ беше критично, но времето беше скъсено. В 16:38 е подаден сигналът, в 18:10 ние бяхме вече в операционната. Просто организацията беше светкавична и се надявам този шанс да има всеки един пациент”, каза директорът на МБАЛ Разлог Радка Божикова. ""Използвахме така наречената импровизирана носилка, която се прави от това, което имат под ръка, в случая от няколко чифта щеки, дрехи, малко въже, просто водача, който беше с групата беше много адекватен и групата беше успяла да свали пострадалата по един доста сложен пасаж"", споделя Обецанов.   Впоследствие планинските спасители достигат до нея. И тогава се решава да се действа с хеликоптер, защото наземната акция е щяла да коства много часове, които жената трудно би понесла. ""Ако не беше хелокоптерът, тя щеше да се забави още поне 3-4 часа, докато стигне до болницата. По труден терен, въпреки че ние му казваме и се стараем да е щадящ транспорт, но имайки предвид по трудния терен, камъни и т.н., стръмни пътеки, щеше да се загуби доста време и доста некомфортно за нея и не се знаеше какъв щеше да бъде изходът въобще от цялата акция"", посочи спасителят. От болницата в Разлог обясниха, че заради обилния кръвоизлив е имало непосредствена опасност за здравето на бременната жена. Спестените минути благодарение на хеликоптера са били решаващи за спасяването й. За плода обаче не е имало шанс.   След като е била качена с хеликоптер, машината се е приземила на паркинга на Началната лифт станция в Банско, откъдето с линейка е била транспортирана до Разлог. Според Радка Божикова при подобни случаи в бъдеще, хеликоптерите могат да кацат директно в двора на болницата, където са обособили площадка.  Повече гледайте във видеото. Новините на NOVA  са в Instagram, Twitter, Telegram и Viber - последвайте ни. За още новини харесайте и страницата ни във Facebook.","Банско, Разлог", жена,уби
"„Позорна”, „недостойна” и „срам”: Защо от СДВР дадоха такива определения за битото под колоните на МС момиче",https://nova.bg/news/view/2023/07/21/419764/%D0%BF%D0%BE%D0%B7%D0%BE%D1%80%D0%BD%D0%B0-%D0%BD%D0%B5%D0%B4%D0%BE%D1%81%D1%82%D0%BE%D0%B9%D0%BD%D0%B0-%D0%B8-%D1%81%D1%80%D0%B0%D0%BC-%D0%B7%D0%B0%D1%89%D0%BE-%D0%BE%D1%82-%D1%81%D0%B4%D0%B2%D1%80-%D0%B4%D0%B0%D0%B4%D0%BE%D1%85%D0%B0-%D1%82%D0%B0%D0%BA%D0%B8%D0%B2%D0%B0-%D0%BE%D0%BF%D1%80%D0%B5%D0%B4%D0%B5%D0%BB%D0%B5%D0%BD%D0%B8%D1%8F-%D0%B7%D0%B0-%D0%B1%D0%B8%D1%82%D0%BE%D1%82%D0%BE-%D0%BF%D0%BE%D0%B4-%D0%BA%D0%BE%D0%BB%D0%BE%D0%BD%D0%B8%D1%82%D0%B5-%D0%BD%D0%B0-%D0%BC%D1%81-%D0%BC%D0%BE%D0%BC%D0%B8%D1%87%D0%B5/,nova.bg,TV news,2023-07-21 08:13:00,"Касационна жалба на главния юрист на СДВР Деляна Иванова до Върховния административен съд възмути с квалификации по отношение на битата по време на антиправителствените протести през лятото на 2020 г. Цветелина Цветкова. Тя осъди МВР на първа инстанция. „Да ходиш облечена по този начин на нерегламентиран протест и да твърдиш, че не си разсъблечена, е недостойно за един млад човек. Позорно е за един млад човек да се възползва от облeклото си, за да получи парични средства под формата на обезщетение. Мен просто ме е срам подобни лица да са част от младото поколение на България, че и да служат за пример”, се казва в жалбата, с която СДВР обжалва осъдителна за МВР присъда за полицейско насилие. Един от битите зад колоните на МС: Знаех, че прокуратурата ще си затвори очите „Това е форма на безобразие. Такъв е нашият свят. В МВР винаги са били такива и ще продължават да бъдат такива. И, да, те прекаляват, защото ние не променяме нищо”, коментира в студиото на „Здравей, България” адвокат Николай Хаджигенов. Той е категоричен, че тази жалба няма как да отмени присъдата на първа инстанция. „В нея няма нито един от аргументите, които законът изрично изисква, за да е налице касационна жалба. Всичко това са морални оценки, които са съпоставими на някогашния Другарски съд. Това епистоларно творение надминава в пъти умозрението на другарските съдилища някога”, е мнението на защитника. Той поясни, че има две дела срещу МВР - за незаконен арест и за гавра, побой и изтезания. „Макар и обезщетението да е по-ниско от това, което ние поискахме, всъщност то е безпрецедентно като мащаб и размери - 40 000 лева”, допълни Хаджигенов. В жалбата на СДВР пише още, че Цветелина се е поставила сама в тази ситуация във връзка с преживяното. „Отиването на протест, в който се бориш за свобода и за демокрация или, не дай Боже - за правосъдие, според разбиранията на МВР е недостойно, морално укоримо и дори престъпно”, подчерта адвокатът. Шефът на ""Гранична полиция"": Хеликоптерът, изхвърлил 100 кг дрога в Турция, не е излитал от България „Граничещи с абсурда са твърденията на съда, че на кадри от YouTube се вижда, че ищцата едва ли не е била сексуално насилена под колоните на Министерския съвет. Описаните от съда клипчета в публичното пространство не съществуват. Единственото вярно е, че в публичното пространство е налична снимка на момента, в който полицейски служител снима ищцата. И то именно за да се докаже фактът, че същата е в добро физическо състояние, нито е разсъблечена, нито си прикрива гърдите”, се казва още в мотивите на СДВР пред съда. „Създават един паралелен свят. Това направи вчера и новият шеф на „Гранична полиция”. Това преди три години всъщност не е онова. И всъщност това, което учтиво наричаха ""ротация"", е реставрация на ГЕРБ и на МВР във вида, в който беше допреди три години - биещото сърце на партията. Те създават паралелна реалност, в която казват: „Не, това не е това, вие сами сте си виновни и малко сме ви били”, отговори Хаджигенов. Новините на NOVA - в Instagram, Twitter, Telegram и Viber - последвайте ни. За още новини харесайте и страницата ни във Facebook.",,момиче,насил
Крясъци и физическа агресия: Болногледачка насилва жена с деменция (ВИДЕО),https://nova.bg/news/view/2023/07/20/419627/%D0%BA%D1%80%D1%8F%D1%81%D1%8A%D1%86%D0%B8-%D0%B8-%D1%84%D0%B8%D0%B7%D0%B8%D1%87%D0%B5%D1%81%D0%BA%D0%B0-%D0%B0%D0%B3%D1%80%D0%B5%D1%81%D0%B8%D1%8F-%D0%B1%D0%BE%D0%BB%D0%BD%D0%BE%D0%B3%D0%BB%D0%B5%D0%B4%D0%B0%D1%87%D0%BA%D0%B0-%D0%BD%D0%B0%D1%81%D0%B8%D0%BB%D0%B2%D0%B0-%D0%B6%D0%B5%D0%BD%D0%B0-%D1%81-%D0%B4%D0%B5%D0%BC%D0%B5%D0%BD%D1%86%D0%B8%D1%8F-%D0%B2%D0%B8%D0%B4%D0%B5%D0%BE/,nova.bg,TV news,2023-07-20 08:59:00,"Жена твърди, че болногледачка е упражнявала насилие над болната ѝ леля. Възрастната жена живее във Видин и страда от деменция. Само седмица, след като е наета, на записи от видеокамери се чуват крясъци и обиди и се вижда как 79-годишната жена е блъскана. „Ти не можеш да си седнеш на з*дника, ама претендираш. Остави ме! Не искам да те чувам! Аз не искам да те гледам! Знаеш ли какво значи?”. С тези думи на висок тон болногледачката се обръща към лелята на Валентина Сучева. Семейството попаднало на жената по обява, в която пишело, че тя има 15-годишен опит с гледане на болни хора в Италия. Мъжът, нападнал жена на улица в София, бил арестуван и за други побои Лиляна Иванова е болногледачката, обвинена във физическа и вербална агресия. По думите ѝ 2-3 дни след като започнала работа, нещата се усложнили. Тя твърди, че поискала на няколко дни да бъде сменяна от друга жена, защото не издържала на напрежението. „Съжалявам от сърце! Крещяла съм. На мен тембърът на приказка ми е малко по-силен”, каза гледачката в ефира на „Здравей, България”. Тя призна, че е бутнала възрастната жена, за която се грижела, но отрече да я е удряла. Племенницата на пострадалата е подала сигнал в полицията. Повече гледайте във видеото. Новините на NOVA - в Instagram, Twitter, Telegram и Viber - последвайте ни. За още новини харесайте и страницата ни във Facebook.",Видин, жена,насил
"Мъжът, нападнал жена на улица в София, бил арестуван и за други побои",https://nova.bg/news/view/2023/07/18/419328/%D0%BC%D1%8A%D0%B6%D1%8A%D1%82-%D0%BD%D0%B0%D0%BF%D0%B0%D0%B4%D0%BD%D0%B0%D0%BB-%D0%B6%D0%B5%D0%BD%D0%B0-%D0%BD%D0%B0-%D1%83%D0%BB%D0%B8%D1%86%D0%B0-%D0%B2-%D1%81%D0%BE%D1%84%D0%B8%D1%8F-%D0%B1%D0%B8%D0%BB-%D0%B0%D1%80%D0%B5%D1%81%D1%82%D1%83%D0%B2%D0%B0%D0%BD-%D0%B8-%D0%B7%D0%B0-%D0%B4%D1%80%D1%83%D0%B3%D0%B8-%D0%BF%D0%BE%D0%B1%D0%BE%D0%B8/,nova.bg,TV news,2023-07-18 07:53:00,"Мъжът, нападнал жена на оживена улица в София, се оказа стар познайник на полицията. В началото на годината Орлин Гигов се барикадира в дома си, а пред блока му беше открита украинска гражданка в безпомощно състояние. Полицията го задържа временно, а Прокуратурата му повдигна обвинение за насилие. През март, след сигнал за пореден бой над украинка, мъжът отново е бил арестуван. Екипът на NOVA разбра и за още две жени, станали обект на насилие. След последния случай Гигов е задържан за 24 часа. Последната нападната обаче отказала да свидетелства. Образувано е досъдебно производство. Сигнал за побой над жена на улица в София Една от жертвите е Мила Пейкова. Пред камерите ни тя сподели, че се страхува за живота си и Гигов трябва да бъде задържан за постоянно. По делото, което тя е завела, Орлин е осъден на 1 година условно и парична глоба. Мъжът, пребил украинка, към друга жертва: Знам как да бия. Няма да ти личи Повече гледайте във видеото. Новините на NOVA - в Instagram, Twitter, Telegram и Viber - последвайте ни. За още новини харесайте и страницата ни във Facebook.",, жена,"преби, насил, жертва"
Сигнал за побой над жена на улица в София,https://nova.bg/news/view/2023/07/17/419209/%D1%81%D0%B8%D0%B3%D0%BD%D0%B0%D0%BB-%D0%B7%D0%B0-%D0%BF%D0%BE%D0%B1%D0%BE%D0%B9-%D0%BD%D0%B0%D0%B4-%D0%B6%D0%B5%D0%BD%D0%B0-%D0%BD%D0%B0-%D1%83%D0%BB%D0%B8%D1%86%D0%B0-%D0%B2-%D1%81%D0%BE%D1%84%D0%B8%D1%8F/,nova.bg,TV news,2023-07-17 08:02:00,"Сигнал за побой над жена на улица в София. В социалните мрежи се разпространяват снимки на мъж, който по думите на очевидци, е нанесъл поредица от удари в лицето ѝ. Престъплението е извършено на 13 юли около 23.30 ч. Хората, които се намесват, за да помогнат на пострадалата, звъннали веднага на 112. „Темата на NOVA”: Тормоз у дома „Притекох се на помощ, след като видях побоя. Попитах мъжа защо я бие, а той каза, че това не е вярно. Явно не е за първи път, защото лицето ѝ беше в стари синини. Проследихме насилника - оказа се, че живее наблизо”, каза в ефира на „Здравей, България” очевидецът Лукреция. От спешния център на „Пирогов” потвърдиха, че жената е била транспортирана в лечебното заведение, но преди да бъде изяснено здравословното ѝ състояние, си е тръгнала. Тя е чуждестранна гражданка. От МВР съобщиха за NOVA, че мъжът е задържан за 24 часа, образувано е досъдебно производство. Започнати са процесуално следствени действия, но пострадалата е отказала да свидетелства. Новините на NOVA - в Instagram, Twitter, Telegram и Viber - последвайте ни. За още новини харесайте и страницата ни във Facebook.",, жена,"тормоз, насил"
„Темата на NOVA” в аванс: Ръст на случаите на домашно насилие от началото на годината,https://nova.bg/news/view/2023/07/08/418246/%D1%82%D0%B5%D0%BC%D0%B0%D1%82%D0%B0-%D0%BD%D0%B0-nova-%D0%B2-%D0%B0%D0%B2%D0%B0%D0%BD%D1%81-%D1%80%D1%8A%D1%81%D1%82-%D0%BD%D0%B0-%D1%81%D0%BB%D1%83%D1%87%D0%B0%D0%B8%D1%82%D0%B5-%D0%BD%D0%B0-%D0%B4%D0%BE%D0%BC%D0%B0%D1%88%D0%BD%D0%BE-%D0%BD%D0%B0%D1%81%D0%B8%D0%BB%D0%B8%D0%B5-%D0%BE%D1%82-%D0%BD%D0%B0%D1%87%D0%B0%D0%BB%D0%BE%D1%82%D0%BE-%D0%BD%D0%B0-%D0%B3%D0%BE%D0%B4%D0%B8%D0%BD%D0%B0%D1%82%D0%B0/,nova.bg,TV news,2023-07-08 09:06:00,"Ръст на случаите на домашно насилие от началото на годината, отчитат от МВР. Тази седмица в „Темата на NOVA” разследващият журналист Мариета Николаева и операторите Росен Илиев и Емил Александров разказват истории, започнали с обич, надежда и мечти. И завършили с насилие. Данните показват известна положителна промяна. Все повече жертви признават за проблема и подават жалби срещу насилника си. Възможно е обаче това да е резултат от друга тенденция. Сериозният ръст на насилието у дома от началото на годината. С цели 40 процента, показват данните. Експертите обясняват това драстично увеличение с продължителната ковид криза. Това драстично увеличение на случаите на домашно насилие, експертите обясняват с продължителната COVID криза, която е задълбочила проблемите, но е отключила и нови.   Най-потърпевши от насилието у дома обаче са децата. Директни или косвени жертви. По данни на МВР от началото на тази година децата, жертви на насилие у дома са 544. За миналата са 1061. Физическо и психическо насилие. Оставящо белези върху крехката им детска психика за цял живот. Ще успеят ли промените в закона да осигурят бърза, адекватна и ефективна защита на жертвите на домашно насилие? Гледайте тази вечер в ""Тема на NOVA"": Тормоз у дома. Новините на NOVA - в Instagram, Twitter, Telegram и Viber - последвайте ни. За още новини харесайте и страницата ни във Facebook.",,домашно насилие,"домашно насилие, тормоз, насил"
"„Пресечна точка”: За имунитета на Борисов, членството на Украйна в НАТО и домашното насилие",https://nova.bg/news/view/2023/07/05/417908/%D0%BF%D1%80%D0%B5%D1%81%D0%B5%D1%87%D0%BD%D0%B0-%D1%82%D0%BE%D1%87%D0%BA%D0%B0-%D0%B7%D0%B0-%D0%B8%D0%BC%D1%83%D0%BD%D0%B8%D1%82%D0%B5%D1%82%D0%B0-%D0%BD%D0%B0-%D0%B1%D0%BE%D1%80%D0%B8%D1%81%D0%BE%D0%B2-%D1%87%D0%BB%D0%B5%D0%BD%D1%81%D1%82%D0%B2%D0%BE%D1%82%D0%BE-%D0%BD%D0%B0-%D1%83%D0%BA%D1%80%D0%B0%D0%B9%D0%BD%D0%B0-%D0%B2-%D0%BD%D0%B0%D1%82%D0%BE-%D0%B8-%D0%B4%D0%BE%D0%BC%D0%B0%D1%88%D0%BD%D0%BE%D1%82%D0%BE-%D0%BD%D0%B0%D1%81%D0%B8%D0%BB%D0%B8%D0%B5/,nova.bg,TV news,2023-07-05 17:42:00,"В сряда гостите в „Пресечна точка” - гражданският активист Красимира Величкова, политологът Георги Радев и президентът на КТ ""Подкрепа"" Димитър Манолов дискутираха по няколко теми. Първата от тях бе свързана с новината, че Бойко Борисов дава доброволно имунитета си. След това гостите обсъдиха гласуването на декларация за членството на Украйна в НАТО. Накрая коментираха каква е ролята на държавата и на НПО в превенцията на домашното насилие. Новините на NOVA - вече в Instagram, Twitter, Telegram и Viber - последвайте ни. За още новини харесайте и страницата ни във Facebook.",,домашното насилие,насил
След дълги дебати в НС: Приеха промени в Закона за защита от домашното насилие,https://nova.bg/news/view/2023/07/05/417916/%D1%81%D0%BB%D0%B5%D0%B4-%D0%B4%D1%8A%D0%BB%D0%B3%D0%B8-%D0%B4%D0%B5%D0%B1%D0%B0%D1%82%D0%B8-%D0%B2-%D0%BD%D1%81-%D0%BF%D1%80%D0%B8%D0%B5%D1%85%D0%B0-%D0%BF%D1%80%D0%BE%D0%BC%D0%B5%D0%BD%D0%B8-%D0%B2-%D0%B7%D0%B0%D0%BA%D0%BE%D0%BD%D0%B0-%D0%B7%D0%B0-%D0%B7%D0%B0%D1%89%D0%B8%D1%82%D0%B0-%D0%BE%D1%82-%D0%B4%D0%BE%D0%BC%D0%B0%D1%88%D0%BD%D0%BE%D1%82%D0%BE-%D0%BD%D0%B0%D1%81%D0%B8%D0%BB%D0%B8%D0%B5/,nova.bg,TV news,2023-07-05 15:25:00,"Депутатите приеха на второ четене текстове от промените в Закона за защита от домашното насилие, с които се разширява кръгът на пострадалите лица, които могат да търсят защита. От сутринта парламентът обсъжда измененията и прие четири от 33 параграфа. Защита по този закон може да търси и всеки пострадал от домашно насилие, извършено от роднина по права или по съребрена линия до четвърта степен включително на лицето, с което се намира или е било във фактическо съпружеско съжителство, както и от лице, което е съпруг или бивш съпруг на родителя, записаха депутатите. Защита по този закон ще може да се търси и когато насилието е извършено от лице, на което са възложени грижи за детето, или лице, на което детето е поверено. Актовете на домашно насилие могат да се извършват и чрез действие или бездействие, решиха още народните представители. Арестуваха 37-годишен мъж, пребил жена си и детето си Предвижда се държавата да провежда последователна политика в областта на домашното насилие чрез координиране, прилагане, наблюдение и оценка на политиките и мерките за предотвратяване и защита от домашното насилие. Законът има за цел да даде бърза и ефективна защита и да осигури помощ и подкрепа на лица, пострадали от домашното насилие или в риск и да упражни превантивно и възпиращо действие върху извършителя на насилието, записаха още депутатите. Очаква се обсъждането и гласуването на измененията в Закона за защита от домашното насилие да продължи на следващо заседание. Пребитата в Дупница жена: Риташе ме в корема и крещеше, че съм бременна от друг Следващите разпоредби, които предстоят да бъдат разгледани, предвиждат да се улесни достъпът до правосъдие, като молбата за образуване на производство по издаване на заповед за защита да бъде препратена до съответния съд в срок до 24 часа от направеното искане на пострадалото лице. Предвидена е забрана за извършителя да осъществява контакт с пострадалия под каквато и да е форма, както и забрана за придобиване, съхранение, носене и употреба на взривни вещества, оръжия, боеприпаси и пиротехнически средства за срок, определен от съда. Създава се възможност извършителят на насилието да бъде задължен да посещава специализирани програми за преодоляване на агресията и справяне с гнева. С промените в закона се предлага още към Министерския съвет да се създаде Национален съвет за превенция и защита от домашното насилие, както и Национална информационна система за случаите на домашно насилие, осъществявани на територията на страната. Новините на NOVA - вече в Instagram, Twitter, Telegram и Viber - последвайте ни. За още новини харесайте и страницата ни във Facebook.",Дупница,домашното насилие,"домашно насилие, преби, насил"
"Протест заради условна присъда на полицай, убил на пътя 7-годишно момиченце",https://nova.bg/news/view/2023/07/04/417709/%D0%BF%D1%80%D0%BE%D1%82%D0%B5%D1%81%D1%82-%D0%B7%D0%B0%D1%80%D0%B0%D0%B4%D0%B8-%D1%83%D1%81%D0%BB%D0%BE%D0%B2%D0%BD%D0%B0-%D0%BF%D1%80%D0%B8%D1%81%D1%8A%D0%B4%D0%B0-%D0%BD%D0%B0-%D0%BF%D0%BE%D0%BB%D0%B8%D1%86%D0%B0%D0%B9-%D1%83%D0%B1%D0%B8%D0%BB-%D0%BD%D0%B0-%D0%BF%D1%8A%D1%82%D1%8F-7-%D0%B3%D0%BE%D0%B4%D0%B8%D1%88%D0%BD%D0%BE-%D0%BC%D0%BE%D0%BC%D0%B8%D1%87%D0%B5%D0%BD%D1%86%D0%B5/,nova.bg,TV news,2023-07-04 11:37:00,"Протест пред Съдебната палата в Пловдив. Недоволството е заради намалена присъда на полицай, който прегази и уби на пътя 7-годишно момиченце. Инцидентът стана преди 2 години в пазарджишкото село Братаница. Апелативният съд в Пловдив промени ефективното наказание на условна присъда. Ефективната присъда от 4 години и 8 месеца затвор, наложена от Окръжния съд в Пазарджик, е намалена на 3 години условно с 4-годишен изпитателен срок. Върховният касационен съд върна обаче делото отново в Апелативния съд и днес процесът ще се гледа отново. ЗА ЕФЕКТИВНИ ПРИСЪДИ: Пострадали и близки на убити при ПТП излязоха на протест Според родителите на загиналото дете искането е за справедливост. ""Не сме доволни от първата присъда - условна. Протестирахме и в София, и в Пазарджик. Вярвам, че Апелативният съд ще си свърши работата. Искаме справедливи присъди, защото пред закона всички сме равни"", заяви бащата Марин. Майката сподели, че иска ефективно наказание, както е по закон. ""Условната присъда е много смешна, подигравка е за един детски живот. Виновният иска да си продължи живота, не му вярваме, имаше се над закона"", смята тя. Близки и на други пострадали при произшествия на пътя подкрепиха родителите на Моника. Повече гледайте във видеото. Новините на NOVA - вече в Instagram, Twitter, Telegram и Viber - последвайте ни. За още новини харесайте и страницата ни във Facebook.",Пазарджик,момиче,уби
"Луиза Григорова: Не само спрямо жените, но и спрямо мъжете има насилие",https://nova.bg/news/view/2023/07/02/417543/%D0%BB%D1%83%D0%B8%D0%B7%D0%B0-%D0%B3%D1%80%D0%B8%D0%B3%D0%BE%D1%80%D0%BE%D0%B2%D0%B0-%D0%BD%D0%B5-%D1%81%D0%B0%D0%BC%D0%BE-%D1%81%D0%BF%D1%80%D1%8F%D0%BC%D0%BE-%D0%B6%D0%B5%D0%BD%D0%B8%D1%82%D0%B5-%D0%BD%D0%BE-%D0%B8-%D1%81%D0%BF%D1%80%D1%8F%D0%BC%D0%BE-%D0%BC%D1%8A%D0%B6%D0%B5%D1%82%D0%B5-%D0%B8%D0%BC%D0%B0-%D0%BD%D0%B0%D1%81%D0%B8%D0%BB%D0%B8%D0%B5/,nova.bg,TV news,2023-07-02 18:59:00,"„Няма нищо страшно от това да се снимаш без грим, такава, каквато си. Няма нужда момичетата да се крият. Исках да кажа на младите момичета да не вярват на 100% на това, което виждат на стената на Instagram и Facebook”. Това каза актрисата Луиза Григорова в предаването „На фокус”, по повод снимките си без грим и желанието да пропагандира естествената красота. Относно случаите с насилие, които виждаме не само в българското общество, тя смята, че насилието не е само в България. „Не само спрямо жените, но и спрямо мъжете има насилие. Чрез изкуството може да предаваме нашите идеи. С филма „Игра на доверие” искахме да вдъхнем доверие на хората, поставени в такава ситуация”, каза Григорова. Целия разговор гледайте във видеото. Новините на NOVA - вече в Instagram, Twitter, Telegram и Viber - последвайте ни. За още новини харесайте и страницата ни във Facebook.",, жени,насил
Проучване: България е на първо място по брой на жени лидери,https://nova.bg/news/view/2023/06/27/416953/%D0%BF%D1%80%D0%BE%D1%83%D1%87%D0%B2%D0%B0%D0%BD%D0%B5-%D0%B1%D1%8A%D0%BB%D0%B3%D0%B0%D1%80%D0%B8%D1%8F-%D0%B5-%D0%BD%D0%B0-%D0%BF%D1%8A%D1%80%D0%B2%D0%BE-%D0%BC%D1%8F%D1%81%D1%82%D0%BE-%D0%BF%D0%BE-%D0%B1%D1%80%D0%BE%D0%B9-%D0%BD%D0%B0-%D0%B6%D0%B5%D0%BD%D0%B8-%D0%BB%D0%B8%D0%B4%D0%B5%D1%80%D0%B8/,nova.bg,TV news,2023-06-27 21:19:00,"Проучване показва, че България е на първо място по брой на жени лидери и на едно от последните по справяне с домашното насилие. „Домашното насилие е проблем, който наистина трябва да бъде разрешен. Може би това е и народопсихология. Това е нещо, което трябва да разрешим с много говорене и много образование”, обясни Надежда Ванева, координатор комуникации „Сороптимист Интернешънъл Съюз България”. Образованието е нещото, което извежда българките на челното място по брой на жени, работещи в сферата на информационните технологии. „Освен това ние сме на едно от първите места по заетост на жени във финансовия сектор, на жени на мениджърски позиции”, допълни Надежда Ванева. Осъзнаването на жените, че те могат да имат равни права и могат да искат да знаят повече, може да доведе до справяне с домашното насилие. „Има места в България, където образованието не е толкова достъпно. Има градове и жени с добър социален статус, които психологически са подложени на някакъв натиск, заради който не могат да се развиват”, разказа още тя. Повече гледайте във видеото. Новините на NOVA - вече в Instagram, Twitter, Telegram и Viber - последвайте ни. За още новини харесайте и страницата ни във Facebook.",, жени,насил
"Битката за детска болница: Майката на Даная, чиито органи спасиха няколко души, с нова кауза",https://nova.bg/news/view/2023/06/19/416036/%D0%B1%D0%B8%D1%82%D0%BA%D0%B0%D1%82%D0%B0-%D0%B7%D0%B0-%D0%B4%D0%B5%D1%82%D1%81%D0%BA%D0%B0-%D0%B1%D0%BE%D0%BB%D0%BD%D0%B8%D1%86%D0%B0-%D0%BC%D0%B0%D0%B9%D0%BA%D0%B0%D1%82%D0%B0-%D0%BD%D0%B0-%D0%B4%D0%B0%D0%BD%D0%B0%D1%8F-%D1%87%D0%B8%D0%B8%D1%82%D0%BE-%D0%BE%D1%80%D0%B3%D0%B0%D0%BD%D0%B8-%D1%81%D0%BF%D0%B0%D1%81%D0%B8%D1%85%D0%B0-%D0%BD%D1%8F%D0%BA%D0%BE%D0%BB%D0%BA%D0%BE-%D0%B4%D1%83%D1%88%D0%B8-%D1%81-%D0%BD%D0%BE%D0%B2%D0%B0-%D0%BA%D0%B0%D1%83%D0%B7%D0%B0/,nova.bg,TV news,2023-06-19 20:27:00,"40 дни, след като 15-годишната Даная почина и органите й дадоха шанс на трима души да продължат своя живот, нейната майка – Ани Стоянова, събра сили за нова кауза. София осъмна с 4 билборда с образа на детето й и въпрос - дали, ако имаше детска болница, Даная щеше още да е тук.   „Изгубихме много време. Попаднахме в болница, когато бяха 5 почивни дни. Нямаше лекари”, сподели Ани Стоянова. Въпросът задава и на всеки, който ще мине край четирите билборда на 4 възлови места в столицата. Единият – на метри от дома им. „Всеки път, когато го погледна, скръбта ми е по-малка, защото се надявам нещата да се променят и това да е станало с причина”, каза още майката. 15-годишната Даная даде шанс за живот на двама души   Въпросът задава и на здравните власти. „Покъртителен случай. Сега имаме реални шансове да имаме детска болница и това ще стане”, увери министърът на здравеопазването проф. Христо Хинков. Надеждите са работата по Националната педиатрия да започне да тече по-бързо. „В рамките на 1 година се надявам да се стигне до груб строеж. Който мисли, че като построим една детска болница, нещата ще се оправят. Не, няма да стане така. Ако няма специалисти, само сградата няма да помогне”, каза още Хинков. Новините на NOVA - вече в Instagram, Twitter, Telegram и Viber - последвайте ни. За още новини харесайте и страницата ни във Facebook",,майка,уби
"„ЛаТиДа"" с песен срещу домашното насилие",https://nova.bg/news/view/2023/06/17/415751/%D0%BB%D0%B0%D1%82%D0%B8%D0%B4%D0%B0-%D1%81-%D0%BF%D0%B5%D1%81%D0%B5%D0%BD-%D1%81%D1%80%D0%B5%D1%89%D1%83-%D0%B4%D0%BE%D0%BC%D0%B0%D1%88%D0%BD%D0%BE%D1%82%D0%BE-%D0%BD%D0%B0%D1%81%D0%B8%D0%BB%D0%B8%D0%B5/,nova.bg,TV news,2023-06-17 22:26:00,"Групата „ЛаТиДа” посвети песен на борбата с домашното насилие. Тя се казва „Самота”. „Ние не за първи път демонстрираме съпричастност  към социални проблеми и не веднъж сме били участници в благотворителни кампании и сме се включвали в най-различни каузи с такава цел. За първи път обаче създаваме песен, посветена на подобен проблем, именно домашното насилие”, разказа певицата Елизабет Нешева. Певиците работят с децата от  група „Бон Бон” и знаят колко важно  е едно дете да расте в здрава семейна среда. „Именно от това беше провокирана и нашата идея, още по време на пандемията през 2020г.,  когато бяхме затворени в домовете си, гледайки новини, следейки страшната статистика на постоянно увеличаващия се брой на жертви на домашно насилие”, разказа още Елизабет Нешева. Песента „Самота” е призив и подкрепа към хората, които са жертви на домашно насилие. „Смятаме, че песента е един от най-лесните начини даден проблем да достигне до колкото се може повече хора. Винаги  когато  изкараме нещо ново се надяваме някой да се припознае в песента. С тази песен се надяваме колкото се може по-малко хора да се припознаят в нея”, допълни певицата Яна Балева. Повече гледайте във видеото. Новините на NOVA - вече в Instagram, Twitter, Telegram и Viber - последвайте ни. За още новини харесайте и страницата ни във Facebook.",,домашното насилие,"домашно насилие, насил"
Обсъждат мерки за борба с домашното насилие,https://nova.bg/news/view/2023/06/15/415427/%D0%BE%D0%B1%D1%81%D1%8A%D0%B6%D0%B4%D0%B0%D1%82-%D0%BC%D0%B5%D1%80%D0%BA%D0%B8-%D0%B7%D0%B0-%D0%B1%D0%BE%D1%80%D0%B1%D0%B0-%D1%81-%D0%B4%D0%BE%D0%BC%D0%B0%D1%88%D0%BD%D0%BE%D1%82%D0%BE-%D0%BD%D0%B0%D1%81%D0%B8%D0%BB%D0%B8%D0%B5/,nova.bg,TV news,2023-06-15 06:42:00,"Мерки за борба с домашното насилие и насилие, основано на пола. Проблемът ще бъде поставен на кръгла маса, която ще открие вицепремиерът и министър на външните работи Мария Габриел. Надежда Стойчева: С промените в Закона за домашното насилие ще бъдат защитени и децата Очаква се да бъдат обсъдени редица въпроси, свързани с това как може да бъде предотвратено насилието и достатъчни ли са мерките за защита на пострадалите. Събитието е организирано от асоциация „Анимус”, а целта - да обедини усилията на държавните институции и неправителствения сектор. „Не можем да стоим с широко затворени очи. Всеки трябва да чуе тихия вик на жертвите на домашно насилие. Това е бич, който руши човешки съдби и отнема човешки живот“, заяви вицепремиерът и министър на външните работи Мария Габриел, която откри събитието. Новините на NOVA - вече в Instagram, Twitter, Telegram и Viber - последвайте ни. За още новини харесайте и страницата ни във Facebook.",,домашното насилие,"домашно насилие, насил"
Пребиха жестоко две жени в Монтанско,https://nova.bg/news/view/2023/06/12/415160/%D0%BF%D1%80%D0%B5%D0%B1%D0%B8%D1%85%D0%B0-%D0%B6%D0%B5%D1%81%D1%82%D0%BE%D0%BA%D0%BE-%D0%B4%D0%B2%D0%B5-%D0%B6%D0%B5%D0%BD%D0%B8-%D0%B2-%D0%BC%D0%BE%D0%BD%D1%82%D0%B0%D0%BD%D1%81%D0%BA%D0%BE/,nova.bg,TV news,2023-06-12 17:14:00,"Две жени са станали жертви на жестоки побои в Монтанско в неделя, съобщиха от Областната дирекция на МВР в Монтана. При спречкване, прераснало в саморазправа в село Трайково, Община Лом, е била бита местна жителка на 39 години, която е със счупена ръка. По случая е заведено досъдебно производство срещу 26-годишен мъж от селото. ПОБОЙ БЕЗ ПРИЧИНА? Жители на столичен квартал твърдят, че са бити от полицай Друга жена - на 44 години от Монтана, е била докарана с травми от побой в Центъра за спешна медицинска помощ в града. Тя съобщила, че е пребита от мъж на 50 години, с когото живее на семейни начало в село Студено буче. Жената е настанена на лечение в болницата с комоцио и синини по тялото и лицето. Заподозреният е установен и задържан за 24 часа, уточниха от полицейската дирекция в Монтана. Новините на NOVA - вече в Instagram, Twitter, Telegram и Viber - последвайте ни. За още новини харесайте и страницата ни във Facebook.","Лом, Монтана", жени,преби
"Майка твърди, че синът ѝ е пребит от съученици, защото не върнал заем навреме",https://nova.bg/news/view/2023/06/12/415076/%D0%BC%D0%B0%D0%B9%D0%BA%D0%B0-%D1%82%D0%B2%D1%8A%D1%80%D0%B4%D0%B8-%D1%87%D0%B5-%D1%81%D0%B8%D0%BD%D1%8A%D1%82-%D1%9D-%D0%B5-%D0%BF%D1%80%D0%B5%D0%B1%D0%B8%D1%82-%D0%BE%D1%82-%D1%81%D1%8A%D1%83%D1%87%D0%B5%D0%BD%D0%B8%D1%86%D0%B8-%D0%B7%D0%B0%D1%89%D0%BE%D1%82%D0%BE-%D0%BD%D0%B5-%D0%B2%D1%8A%D1%80%D0%BD%D0%B0%D0%BB-%D0%B7%D0%B0%D0%B5%D0%BC-%D0%BD%D0%B0%D0%B2%D1%80%D0%B5%D0%BC%D0%B5/,nova.bg,TV news,2023-06-12 07:35:00,"Спукан далак заради 40 лева. Майка от Варна твърди, че синът ѝ е пребит от съученици, защото дължал пари. Тя потърси NOVA, тъй като иска нападателите да бъдат наказани. „Момчето, на което дължах пари, се беше уговорило с друго по-голямо момче. Двамата ме извикаха зад блока. Поговорихме, но внезапно единият започна да ме рита”, разказа в ефира на „Здравей, България” пострадалият Мануел Петров. По думите му той не усетил веднага, че далакът му е разкъсан. „Разбрахме за сериозността на ситуацията, когато отидохме в болницата. Преди това не усещах болка и можех да се движа”, посочва момчето. „Двамата нападатели бяха извикани в полицията на разпит. И нищо. Случаят се разследва от Трето РУ във Варна”, каза майката на Мануел Елка Куртанова. Още по темата гледайте във видеото. Новините на NOVA - вече в Instagram, Twitter, Telegram и Viber - последвайте ни. За още новини харесайте и страницата ни във Facebook.",Варна,майка,преби
Демерджиев: Съпругата на Ангел Христов дава изключително несигурни и нестабилни данни,https://nova.bg/news/view/2023/06/05/414289/%D0%B4%D0%B5%D0%BC%D0%B5%D1%80%D0%B4%D0%B6%D0%B8%D0%B5%D0%B2-%D1%81%D1%8A%D0%BF%D1%80%D1%83%D0%B3%D0%B0%D1%82%D0%B0-%D0%BD%D0%B0-%D0%B0%D0%BD%D0%B3%D0%B5%D0%BB-%D1%85%D1%80%D0%B8%D1%81%D1%82%D0%BE%D0%B2-%D0%B4%D0%B0%D0%B2%D0%B0-%D0%B8%D0%B7%D0%BA%D0%BB%D1%8E%D1%87%D0%B8%D1%82%D0%B5%D0%BB%D0%BD%D0%BE-%D0%BD%D0%B5%D1%81%D0%B8%D0%B3%D1%83%D1%80%D0%BD%D0%B8-%D0%B8-%D0%BD%D0%B5%D1%81%D1%82%D0%B0%D0%B1%D0%B8%D0%BB%D0%BD%D0%B8-%D0%B4%D0%B0%D0%BD%D0%BD%D0%B8/,nova.bg,TV news,2023-06-05 16:31:00,"Ангел Христов от „братя Галеви” най-вероятно е починал в България. Това коментира вътрешният министър Иван Демерджиев, който подчерта, че има противоречиви данни, които трябва да се изяснят. „Длъжностно лице от Община Дупница е издало акта за смъртта. Кой е констатирал смъртта в момента аз не знам. Но се извършва пълно разследване. Проверяват се всички обстоятелства около смъртта му и обявяването ѝ”, добави той. Аутопсия разкри причината за смъртта на Ангел Христов Демерджиев посочи, че съпругата на Ангел Христов дава „изключително несигурни и нестабилни данни”, които определи като противоречиви. Търсят се всякакви доказателства кога Христов е влязъл в страната ни. Проверява се и дали Пламен Галев се е намирал или се намира в България. Издирвателните мероприятия продължават. „Има съвсем легални възможности да се влезе от Гърция, без да се извършва контрол на документи. Когато пунктовете са натоварени, има часове, в които се преминава при облекчен режим”, уточни силовият министър. Той обаче подчерта, че няма данни дали Христов е влязъл у нас по този начин. Демерджиев коментира и спекулациите, че починалият е влязъл у нас със самолет. Тази версия е отхвърлена, след като е направена проверка и камерите са проследени. Така останала вероятността за преминаване през сухопътна граница. Новините на NOVA - вече в Instagram, Twitter, Telegram и Viber - последвайте ни. За още новини харесайте и страницата ни във Facebook.",Дупница,съпруга,смърт
"Разследват убийство на възрастен мъж в Благоевград, задържана е жена му",https://nova.bg/news/view/2023/06/05/414254/%D1%80%D0%B0%D0%B7%D1%81%D0%BB%D0%B5%D0%B4%D0%B2%D0%B0%D1%82-%D1%83%D0%B1%D0%B8%D0%B9%D1%81%D1%82%D0%B2%D0%BE-%D0%BD%D0%B0-%D0%B2%D1%8A%D0%B7%D1%80%D0%B0%D1%81%D1%82%D0%B5%D0%BD-%D0%BC%D1%8A%D0%B6-%D0%B2-%D0%B1%D0%BB%D0%B0%D0%B3%D0%BE%D0%B5%D0%B2%D0%B3%D1%80%D0%B0%D0%B4-%D0%B7%D0%B0%D0%B4%D1%8A%D1%80%D0%B6%D0%B0%D0%BD%D0%B0-%D0%B5-%D0%B6%D0%B5%D0%BD%D0%B0-%D0%BC%D1%83/,nova.bg,TV news,2023-06-05 10:07:00,"Полицията в Благоевград разследва убийство на 70-годишен мъж, съобщиха от Областната дирекция на МВР (ОДМВР). Сигналът е подаден в неделя в Първо районно управление от Центъра за спешна медицинска помощ. В него се посочвало, че в къща в благоевградското село Логодаж е констатирана смъртта на възрастен мъж. От пристигналите на място полицейски служители е установено, че на 3 юни мъжът е ударен с тъп предмет по главата от 62-годишна жена от Благоевград, с която живеел. Тя е задържана за 24 часа. От ОДМВР – Благоевград съобщават още, че е образувано досъдебно производство. Продължава работата по установяване на всички факти и обстоятелства по случая. Новините на NOVA - вече в Instagram, Twitter, Telegram и Viber - последвайте ни. За още новини харесайте и страницата ни във Facebook.",Благоевград, жена,"уби, смърт"
